customer_id,total_expected_interest,account_balance
107,319000.00000000,105.00
110,187500.00000000,140.00
106,144000.00000000,61.00
101,102000.00000000,32.00
103,58500.00000000,88.00
102,50000.00000000,54.00
109,38500.00000000,52.00
104,20250.00000000,12.00
