customer_id,total_loans,account_balance,total_missed_emis,risk_score
101,1200000.00,32.00,0,37500.00
106,1800000.00,61.00,0,29508.20
107,2200000.00,105.00,3,20955.38
110,2500000.00,140.00,1,17858.14
104,150000.00,12.00,2,12502.00
102,400000.00,54.00,1,7408.41
103,650000.00,88.00,0,7386.36
109,350000.00,52.00,0,6730.77
